Name,Domain,Email
Solusi University,solusi.ac.zw,info@solusi.ac
Sive ICT,siveict.co.za,logo_modal@2x.png
AKEMI Benelux bv,akemi.be,info@akemi.be
Jungle Bay Dominica,junglebaydominica.com,info@junglebaydominica.com
Apricot Power,apricotpower.com,customerservice@apricotpower.com
EQUALS International,equals.edu.au,chosen-sprite@2x.png
Wild Cabo Tours,wildcabotours.com,info@wildcabotours.com
Roll-A-Cover, Intl.,rollacover.com,sales@rollacover.com
IDE Systems,idesystems.co.uk,enquiries@idesystems.co.uk
Kennedy Voice Berliner,kennedyvoice-berliner.com,hello@kvb.global
Sparkworld,sparkworld.co.uk,webcomponentsjs@2.4.3
İSOBİL,isobil.com.tr,isobil@isobil.com.tr
TEMS,yourmovingservice.com,handle@url.com
Guerilla Communications,guerilla.co.uk,digital@guerilla.co.uk
Zermatt Holidays,zermattholidays.com,info@zermattholidays.com
Audionova,audionova.ro,office@audionova.ro
Descom.es,descom.es,info@descom.es
Thanh Dat printing,inthanhdat.com,info@inthanhdat.com
KTC India,ktcindia.com,reservation@ktcindia.com
The Briars Dental Centre,briarsdentalcentre.com,enquiries@briarsdentalcentre.com
LTA d,lta.si,info@lta.si
Kursistem,kursistem.com,destek@kursistem.com
Stonewall Cable,stonewallcable.com,johndoe@domain.com.
Urheberrechtlich geschützt: tourlaw – Noll,stopover.de,info@stopover.de
MGX,mgxdigital.com,melissa@mgxdigital.com.
Pimentel,pimentel.com.pe,sugerencias@pimentel.com.pe
UNESC Rondônia,unescnet.br,unesc@unescnet.br
Design Master Software,designmaster.biz,support@designmaster.biz
K-LINK Healthcare,klinkindia.in,bootstrap@5.0.0-beta3
Wynveen,wynveen.com,info@wynveen.com
BGI Worldwide Logistics,bgiworldwide.com,sales@bgiworldwide.com
Ortovel Ford,ortovel.com.br,privacidade@ortovel.com.br
Nón chữa cháy,anbaoco.com.vn,letuan@anbaoco.com.vn
Orissa Mobili Coloniali,orissa.it,orissa@orissa.it
APART,apart.de,info@apart.de
Dormeo,dormeo.hu,info.si@studio-moderna.com
MOHNERHA,nerha.gov.jm,nerha2020cal@gmail.com
CyberShift,cybershift.com,info@cybershift.com
Holman Specialist Paints,holmanpaints.co.uk,sales@holmanpaints.co.uk
BTES: bebo Educational Foundation,btes.co.in,info@btes.co.in
Batra Hospital & Medical Research Centre,batrahospitaldelhi.org,appointmentbhmrc@yahoo.com
Oasis Natural Cleaning,oasisnaturalcleaning.com,clean@oasisnaturalcleaning.com
CDN Solutions Group,cdnsol.com,someone@example.com
Mautourco,mautourco.com,mautourco-logo@4x.png
Hotel Restaurant La Siala Falera,lasiala.ch,info@lasiala.ch
Pittsburg Public Library,pplonline.org,info@pplonline.org
GRIYASIS,griyasis.com,care@griyasis.com
Io Risparmio Energia,iorisparmioenergia.com,widgets@3.x.x
Vivit Worldwide,vivit-worldwide.org,paul@gerrardconsulting.com
Elite Entertainment,e3music.com,info@e3music.com
Kemtron Limited,kemtron.co.uk,info@kemtron.co.uk
International College of Financial Planning,icofp.org,info@icofp.org
PUCE-SI,pucesi.edu.ec,uci@pucesi.edu.ec
Bluestars Kayaking,bluestars.info,info@bluestars.info
Bronze Memorials Inc,bronzememorials.net,sales@bronzememorials.net
GO Express & Logistics CZ,general-overnight.cz,info@general-overnight.cz
Yobisys Solutions,yobisys.com,sales@yobisys.com
Gresilva,gresilva.pt,protecaodados@gresilva.pt
Jacaré Suplementos,jacaresuplementos.com,johndoe@domain.com.
Infilon Technologies Pvt,infilon.com,info@infilon.com
Legehimlen,legehimlen.dk,info@legehimlen.dk
Aeneas Internet and Telephone,aeneas.com,swiper@6.8.4
Al Ahalia Exchange,ahaliaexchange.com,customerservice@ahaliaexchange.com
Le Plaza Hotel,plazahaiti.com,reservations@plazahaiti.com
Mikrokreditna organizacija EKI,eki.ba,mersud@leftor.ba
Interfacing Technologies,interfacing.com,sales@interfacing.com
ChoreBuster,chorebuster.net,bootstrap@4.1.0
Pub-adhesif.com,pub-adhesif.com,info@pub-adhesif.com
Xact,xactpack.co.uk,info@xactpack.co.uk
Batavia XBRL [Services],batavia-xbrl.com,info@batavia-xbrl.com
Eshet Incoming,eshetincoming.com,amnon@eshetincoming.com
Golden Vision Training,goldenvisiontraining.com,info@goldenvisiontraining.com
Care4Properties,care4properties.co.uk,flags@2x.png
Cotecmar,cotecmar.com,servicioalcliente@cotecmar.com
Annecy Aventure,annecy-aventure.com,info@annecy-aventure.com
Airmatic,airmatic.com,infocenter@airmatic.com
GPS Tracking Canada,gpstrackingcanada.com,info@gpstrackingcanada.com
Dotphi Solutions,dotphi.com,sales@dotphi.com
Veerman Juwelen,veermanjuwelen.nl,info@veermanjuwelen.nl
Subic.com,subic.com,info@subic.com
Sharetipsinfo,sharetipsinfo.com,contact@sharetipsinfo.com
CyberStreams,cyberstreams.com,sales@cyberstreams.com
The Feathers Hotel,feathershotelhelmsley.co.uk,reservations@innmail.co.uk
Az de Espadas,azdeespadas.com.br,sacsite@azdeespadas.com.br
NEWAH,newah.org.np,uikit@3.16.24
Lbiihm,lbiihm.com,info@lbiihm.com
Parsons Audio,paudio.com,sales@paudio.com
QA Training in USA,qatraininginusa.com,Training@h2kinfosys.com.
Worldwide Formations,worldwideformations.com,bootstrap@5.0.2
Pierpont Inn,pierpontinn.com,jquery@3.3.1
Slow Barcelona,slowbarcelona.es,info@slowbarcelona.es
Alan Richard Textiles,alanrichardtextiles.com,info@alanrichardtextiles.net
FinalWebsite,finalwebsite.com,geral@finalwebsite.com
Q Corporate Fashion,corporatefashion.de,info@corporatefashion.de
Abussi Ltd,abussi.co.uk,support@abussi.co.uk
FaithNLR,faithnlr.org,churchcenter@faithnlr.org
Sit-Stand Leverless Lift N',specialneedscomputers.ca,terry@specialneedscomputers.ca
WillowTree RV Resort & Campground,willowtreervr.com,reservations@willowtreervr.com
Hotel Lorenzetti,hotellorenzetti.com,info@hotellorenzetti.com
Farani Taylor,faranitaylor.com,info@faranitaylor.com
Tours of Distinction,toursofdistinction.net,TOD-logo@2x.png
Duplication.ca,duplication.ca,sweetalert2@7.12.15
Clyne Farm Centre,clynefarm.com,hello@clynefarm.com
Proinas,proinas.com,ventas@proinas.com
Pia,pia.co.uk,post@pia.co.uk
Hotel Esplanade,hotelesplanade.se,info@hotelesplanade.se
DIRECT TRAVELS,direct-travel.co.uk,webmaster@direct-travel.co.uk
HelpWithAssignment,helpwithassignment.com,bootstrap@5.0.2
Outward Media,outwardmedia.com,request@outwardmedia.com
Bartha Contemporary,barthacontemporary.com,info@barthacontemporary.com
AAA School Of Advertising,aaaschool.ac.za,info@aaaschool.ac.za
Zahara Tours,zaharatours.com,inbound@zaharatours.com
SZOT Przedsiębiorstwo Turystyczne - spływy z pasją / kayaking with passion,szot.pl,szot@szot.pl
NOVA,nova.com.vn,nova.kinhdoanh@gmail.com
August International,augustint.com,infouk@augustint.com
IPAX,ipax.com,info@ipax.com
Unique Links,unique-links.com.pk,sales@unique-links.com.pk
SeaPro Divers,seaprodivers.com,info@seaprodivers.com
Bansal Wire Industries Limited,bansalwire.com,info@bansal-group.com
T&M Forwarding,tmforwarding.com,cantho@tmforwarding.com
EMPA Elektronik,empa.com,Image-68@2x.png
SOS Children's Villages Nigeria,sosvillages-nigeria.org,soscv.info@sos-nigeria.org
JK Michaels,jkmichaelspm.com,mails@jkmichaelspm.com
Controlrooms,controlrooms.at,office@controlrooms.at
BuyMetalShelving,buymetalshelving.com,shelving@buymetalshelving.com
Errors & Omissions,metrowestappr.com,air@classvaluation.com
Novaskill,novaskill.com.au,enquiries@novaskill.com.au
PT Trimitra Cikarang,trimitrapackaging.com,cropped-Icon-Trimitra_3@4x-8-32x32.png
Cazare Suceava Bucovina,villaalice.ro,contact@villaalice.ro
Skinlaserdubai.com,skinlaserdubai.com,drmmehta@emirates.net.ae
Fullcartuning,fullcartuning.com,info@fullcartuning.com
Cotterman,cotterman.com,purchaseorder@cotterman.com
In-Solutions Global,insolutionsglobal.com,help@brandexponents.com
SEO Guru Atlanta,seoguruatlanta.com,flags@2x.png
Icene,icene.net,contact@icene.net
Zobrist Software Group,zobristinc.com,contactus@zobristinc.com
ALKANLAR ELEKTRİK,alkanlar.com,info@alkanlar.com
Hurtopony,hurtopony.pl,sklep@hurtopony.pl
California & Steller,watchwhales.com,excursions-2012-sprite-24@2x.png
Avtoprevozniki,avtoprevozniki.eu,info@avtoprevozniki.eu
Hike Maui,hikemaui.com,hike@hikemaui.com
CADCIM Technologies,cadcim.com,techsupport@cadcim.com
Tensilen,tensilen.com,kontakt@tensilen.com
Mowers2go,mowers2go.co.uk,shadow@2x.png
Optibike,optibike.com,support@optibike.com
A.Epiphaniou Group,epiphaniou-group.com,info@epiphaniou-group.com
LSPR,lspr.edu,halo@lspr.edu
VBVB ICT,vbvb.nl,info@vbvb.nl
Polywell Computers,polywell.com,info@polywell.com
Xander Marketing,xandermarketing.com,hello@xandermarketing.com
VMCGROUP,phanphoihoachat.com,phanphoihoachat1@gmail.com
Tritonia,tritonia.fi,loans@uwasa.fi
Netsiparis,netsiparis.com,info@netsiparis.com
Peripheral Visions,peripheralvisions.com,aos@2.3.1
Shed Solutions,shed-solutions.com,support@shed-solutions.com
TRM Ireland,trm-ireland.com,TRM-LOGO@2x.png
NúcleoTech,nucleotecno.com.br,contato@nucleotecno.com.br
ATAC Solutions,atacsolutions.com,info@atacsolutions.com
NYSUM,nysum.org,info@nysum.org
FlashWebHost,flashwebhost.com,support@hostonnet.com
Niagara Falls Bus Tours,niagarafallsbustours.ca,info@niagarafallsbustours.ca
Paediatric Association of Nigeria,pan-ng.org,logo@2x-1.png
Wavex Technology,wavex.co.uk,tellmemore@wavex.co.uk
Fashionesta,fashionesta.com,johndoe@domain.com.
EVERYCAR.jp / Japanese Used Trucks,everycar.jp,info@everycar.jp
Estonian Convention Bureau,ecb.ee,info@ecb.ee
Bulletin Bag,bulletinbag.com,team@bulletinbrands.com
DOGTEK,dogtek.com,contact@dogtek.com
Proforce,proforcedefence.com,info@proforcedefence.com
CLAS - Council for Leaders in Alabama Schools,clasleaders.org,help@clasleaders.org
Mai Chau trek,maichautrek.com,info@maichautrek.com
MDM Custom Remodeling,mdmcustomremodeling.com,wordpress@example.com
Australia-China Youth Association ACYA 中澳青年联合会,acya.org.au,u003epartnerships@acya.org.au
Hotel Patio Andaluz,hotelpatioandaluz.com,recepcion@hotelpatioandaluz.com
Handtrucks2GO,handtrucks2go.com,info@handtrucks2go.com
Ahmet Poyraz,cekmekoy.bel.tr,info@cekmekoy.bel.tr
Solas Marine Service,solasmarine.com,VXD_ICO_Search@2x.png
Kế toán Việt Hưng,lamketoan.vn,cskh@ketoanviethung.vn
Pro Audio Systems,proaudiosystems.co.uk,sales@pasystems.co.uk
US Web Hosting,webhost.us.com,support@webhost.us.com
Taru Villas,taruvillas.com,info@taruvillas.com
Energy Cert Scotland,energycertscotland.com,enquiries@energycertscotland.com
Budosprzet Sp. z o.o.,budosprzet.pl,poczta@budosprzet.pl
SparshITsolutions,sparshitsolutions.com,info@sparshitsolutions.com
Lincoln School,lincoln.ed.cr,info@lincoln.ed.cr
Dịch Thuật Hà Nội,dichthuathanoi.com,baogia@dichthuathanoi.com
Virtualnet Software,virtualnet.co.uk,enquiries@virtualnet.co.uk
Honeymoons,honeymoonsinc.com,chosen-sprite@2x.png
GOAL trainingen,goaltrainingen.nl,mail@goaltrainingen.nl
NAM LONG,namlong.vn,info@namlong.vn
Ecorp Trainings,ecorptrainings.com,training@ecorptrainings.com
Metida,metida.lt,info@metida.com
Techidea,techidea.co.nz,Brian@techidea.co.nz
Radhavallabh Temple Vrindavan,radhavallabh.com,bootstrap@3.4.1
MaxServer,maxserver.com,help@maxserver.com
AB Microfinance Bank -,ab-mfbnigeria.com,ab-debby-370x230@2x.png
Castle Group,castlegroup.co.uk,enquiries@castlegroup.co.uk
Noolulagam.com - தமிழ் நூல்களின் சங்கமம்,noolulagam.com,ccare@noolulagam.com
Pacific Link College,plvan.com,info@plvan.com
Jetline Print on Demand,jetline.co.za,boksburg@jetline.co.za
Bootnodig?,bootnodig.nl,info@bootnodig.nl
Monstercourses,monstercourses.com,info@monstercourses.com
Shanghai Zhongji Machinery Manufacturing Co.,zhongji.com,info@zhongji.com
Mazenet Solution,mazenetsolution.com,info@mazenetsolution.com
Network Nuts,networknuts.net,info@networknuts.net
Pakistan High Commission London,phclondon.org,cwd@phclondon.org
Hotel Montaña de Fuego,montanadefuego.com,Info@montanadefuego.com
Sunset Hill Wellness Resort,sunsethillresort.com,info@sunsethillresort.com
KNEO Radio,kneo.org,alpinejs@3.10.5
Puri Mas Resort,purimas-lombok.com,info@purimas-lombok.com
Aryans Group of Colleges, Chandigarh,aryans.edu.in,info@aryans.edu.in
BBTIX,bbtix.com,ajax-loader@2x.gif
Arts Nursery,artsnursery.com,info@artsnursery.com
Astena,astena.be,info@astena.be
JADE Learning,jadelearning.com,registrar@jadelearning.com
ARONHILL VINEYARDS,aronhillvineyards.com,info@aronhillvineyards.com
Kruger Cowne,krugercowne.com,hello@krugercowne.com
Linked Local Network,linkedlocalnetwork.com,fmcmurray@linkedlocalnetwork.com
Ecobaby,ecobaby.it,info@ecobaby.it
Žemtiekimas,zemtiekimas.lt,info@zemtiekimas.lt
Abel Tasman Centre,abeltasmancentre.co.nz,main-menu-logo@2x.png
Vinayak Ingredients,vinayakcorporation.com,inquiry@vinayakcorporation.com
Airborne Solutions Darwin,airbornesolutions.com.au,info@airbornesolutions.com.au
Silva Timber Products,silvatimber.co.uk,enquiries@silvatimber.co.uk
Sunrise Villa Shimla,sunrisevilla.in,info@sunrisevilla.in
The Pheasant Hotel, Holt,pheasanthotelnorfolk.co.uk,reservations@innmail.co.uk
Akyol Sanayi Malzemeleri,akyol.net,admin@site.com
DyNNamite,dynnamite.co.uk,info@dynnamite.co.uk
ZBattery,zbattery.com,customerservice@zbattery.com
Lembaga Pengembangan Perbankan Indonesia,lppi.or.id,marketing@lppi.or.id
Gemaire,gemaire.com,chartzell@gemaire.com
3C Software,3csoftware.com,lockup@2x.png
Hoi An Motorbike Adventures,motorbiketours-hoian.com,info@motorbiketours-hoian.com
Imkershop,imkershop.nl,info@imkershop.nl
Мамин клуб,maminklub.lv,margarita@maminklub.lv
Perfect Hideaways,perfecthideaways.co.za,info@perfecthideaways.co.za
American Tactical,americantactical.us,slick-carousel@1.8.1
VikingTours,vikingtours.is,info@vikingtours.is
Proteus Diving,proteusdiving.it,info@proteusdiving.it
Whirlpool India wStore,whirlpoolindiawstore.com,vtex.render-server@8.170.0
VRB Adviesgroep,vrbadvies.nl,info@vrbadvies.nl
Netmaxtech,netmaxtech.com,netmax.ac@gmail.com
Qatar Steel Industries Factory,qatarsteelfactory.com,info@qatarsteelfactory.com
Camps Kahdalea and Chosatonga,kahdalea.com,office@twofuncamps.com
Houston plans and permits,plansandpermits.net,information@plansandpermits.net
SBACS,sbacs.org,info@nacschools.org
Walsywa,walsywa.com.br,vendas@walsywa.com.br
Clos LaChance Wines,clos.com,admin@clos.com
Radtac,radtac.co.uk,5091e062821543ddac33415e5ac299d2@o4504537842057216.ingest.sentry.io
Stoddart,stoddart.com.au,info@stoddart.com.au
Het Wijnhuis,hetwijnhuis.be,communicatie@hetwijnhuis.be
Glob Star Trade S.R.L.,globstar.ro,online@globstar.ro
Xailna Internet Business Consulting,xailna.com,ventas@xailna.com
PhytoItalia,phytoitalia.it,info@phytoitalia.it
Makita Việt Nam,makitavietnam.com,kinhdoanh@thietbihungphat.com
Gepida,gepida.hu,office@gepida.hu
Ergom,ergom.com,export@ergom.com
Fantamagus,fantamagus.com,info@fantamagus.com
Adept Technologies,adept-techno.com,contact.adept@adept-techno.com
Puratos Indonesia,puratos.co.id,address@email.com
Sphayra,sphayra.com,privacy@sphayra.com.
Legal Books Distributing,legalbooksdistributing.com,paypal-js@4.1.0
Reisebazaar,reisebazaar.no,felles@reisebazaar.no
The Bond Hotel,bondhotel.co.uk,reservations@bondhotel.co.uk
Footfalls Walking Ho,walkinghikingireland.com,info@walkinghikingireland.com
Surf & Turf,surfturf.co.uk,info@surfturf.co.uk
Rocking Horse,rockinghorse.co.uk,info@rockinghorse.co.uk
Bestseller PR AB,bestseller.se,info@bestseller.se
University Of Central Punjab,ucp.edu.pk,info@ucp.edu.pk
ATS All Tape Supplies B.V.,alltape.eu,sales@alltape.eu
Earthyfoods,earthyfoods.net,info@earthyfoods.net
CERTEX,certex.se,info@certex.se
Spider India,spiderindia.com,marketing@spiderindia.com
Open Tour,opentour.vn,Ceo@opentour.vn
Deniz Houses Hotel,denizhouses.com,info@denizhouses.com
Trout & Wine Tours,troutandwine.com,ask@troutandwine.com
Diaphragm Pumps Ltd,diaphragmpumps.co.uk,pumps@dpumps.com
NCHS,nchs.org,home-story@2x.jpg
Michael-Ann Russell Jewish Community Center,marjcc.org,info@marjcc.org
Zedochapeu,zedochapeu.com.br,contato@zedochapeu.com.br
Gelins KGK,gelins-kgk.se,info@gelins-kgk.se
BioWeinReich,bioweinreich.com,info@bioweinreich.com
Sieviešu klubs,sieviesuklubs.lv,kristine@maminuklubs.lv
Trades Hall Glasgow,tradeshallglasgow.co.uk,info@tradeshallglasgow.co.uk
Technocamps,technocamps.com,info@technocamps.com
All right reserved,amritaz.com,info@amritaz.com
Kompanija TRI O,tri-o.rs,office@tri-o.rs
Vardaan,vardaan.net,rajiv@vardaan.net
Beacon Hospital,beaconhospital.com.my,info@beaconhospital.com.my
Area51 Electronics,area51esg.com,bootstrap@4.6.1
Global Holidays Adventure,nepaltraveladventure.com,info@nepaltraveladventure.com
Spacelance,spacelance.com,support@spacelance.com
Mobivate,mobivate.com,info@mobivate.com
Seven Stars Resort & Spa,sevenstarsgracebay.com,concierge@sevenstarsgracebay.com
Nationwide Chauffeured Services,nationwidecar.com,quotes@nationwidecar.com
Vasaboden Idrottspriser och gravyr,vasaboden.se,info@vasaboden.se
VITAVIVA,vitaviva.com,viva@vitaviva.com
Hábitos Health Coaching,habitos.mx,informes@habitos.mx
OMVS,omvs.org,pademba.cissokho@omvs.org
Paleta Art,paleta-art.pl,hurtownia@paleta-art.pl
El Dorado Hills Chamber,eldoradohillschamber.org,chamber@eldoradohillschamber.org
Hotel Donny,hoteldonny.com,info@hoteldonny.com
Aurora Biomed,aurorabiomed.com,info@aurorabiomed.com
Positive Media Marketing,positivemediamarketing.co.uk,info@positivemediamarketing.co.uk
Quigg Golden,quigggolden.com,belfast@QuiggGolden.com
TRIDINAMIKA,tridinamika.com,sales@tridinamika.com
Visitvihti,visitvihti.fi,visit@vihti.fi
The Golf Auction,thegolfauction.com,brad@thegolfauction.com
Abell Point Marina,abellpointmarina.com,slick-carousel@1.8.1
EPromoLogo,epromologo.com,info@epromologo.com
Balkotrade,balkotrade.com,info@balkotrade.com
Affinity Health,affinityhealth.co.za,info@affinityhealth.co.za
EDS Technologies,edstechnologies.com,info@edstechnologies.com
Özcem,ozcem.com.tr,info@ozcem.com.tr
PrenadaMedia Group,prenadamedia.com,pemasaran@prenadamedia.com
Ecuaideas®,ecuaideas.com,info@ecuaideas.com
Multison,multisononline.com,anonymous@dom.es
Bratpol,bratpol.com.pl,info@bratpol.com.pl
"Splend'or",splendor.ro,office@bbcollection.ro
Cutoff Pro Audio,cutoff.es,contact@avis-verifies.com
GK Vale,gkvale.com,hello@gkvale.com
Smoking-Hookah.com,smoking-hookah.com,support@smoking-hookah.com
Partners Limos,partnerslimos.com,sales@partnerslimos.com
Frogfoot FTTH,ffg.net,logo_modal@2x.png
ADL GROUP,adlgroup.it,aos@2.3.1
Slaapt,slaapt.nl,minder-stress@2x-e1656502216382.png
A New India TM,anewindia.com,sales@anewindia.com
A&C Hamilton Musical Instruments,achamilton.co.uk,sales@achamilton.co.uk
TEFL Cambridge,teflcambridge.com,info@teflcambridge.com
LETCO,letco.vn,haui@letco.vn
CBFI,icemakerchina.com,info@icemakerchina.com
Systeque,systeque.co.za,info@systeque.co.za
Varteks,varteks.com,logo@2x.png
Manon Marketing,manonmarketing.com,manon@manonmarketing.com
Geelong Chamber of Commerce,geelongchamber.com.au,reception@geelongchamber.com.au
DQA,dqa.pt,geral@dqa.pt
EMO - especialistas en ortopedia,emo.es,emo@emo.es
Sài Gòn Computer,saigoncomputer.vn,hotro@saigoncomputer.vn
Veterans Upward Bound,vubmt.com,admissions@vubmt.com
Adeon CZ,adeon.cz,brno@adeon.cz
Bayview Hotel,bayviewhotelni.com,info@bayviewhotelni.com
A1 Dezine,a1dezine.com,info@a1dezine.co.nz
Corponariño,corponarino.gov.co,contactenos@corpoautonomadenarino.onmicrosoft.com
Paradigm Global Events,paradigmglobalevents.com,info@paradigmglobalevents.com
Orientbazar24,orientbazar24.com,info@orientbazar24.com
Nova-vita.ro,nova-vita.ro,receptie@nova-vita.ro
ZADIP Group,zadip.com,info@zadip.com
DoMyLLC,domyllc.com,info@domyllc.com
Nice n' Clean London,niceandcleanlondon.co.uk,info@niceandcleanlondon.co.uk
SwellAddiction,swelladdiction.com,widgets@3.x.x
Colorworld Imaging,colorworldimaging.co.uk,info@digitalab.co.uk
Ohlsson & Lohaven,ohlssonlohaven.se,info@ohlssonlohaven.se
ECPVN,ecpvn.com,info@ecpvn.com
Amsons Islamic Store,amsons.co.uk,ajax-loader@2x.gif
Dew Solutions,dewsolutions.in,info@dewsolutions.in
Chubby Cheeks Nursery,chubbycheeksnursery.com,contact@chubbycheeksnursery.com
Ensiletainterior,ensileta.com,john@ensileta.com
Helping Hand Group,helpinghand.com.au,info@helpinghand.com.au
Colegio Los Portales,colegiolosportales.edu.co,Recurso-2@10x-1-150x150.png
Wisconsinfs,wisconsinfs.com,alicia@wisconsinfs.com
Ensure Design,ensure.co.in,hello@ensure.co.in
FMUSER FM,fmuser.net,zoey.zhang@fmuser.net
DeVeres Art Auctions,deveres.ie,info@deveres.ie
Không tìm thấy tin ID 120,ketoancattuong.vn,giayphep@ketoancattuong.vn
Stima Investment,stimainvestment.co.ke,customercare@stimainvestment.co.ke
Fairbanks Fletcher Law PLLC,fairbanksfletcher.com,info@fairbanksfletcher.com
Edward Tour,edward-tour.com,info@edward-tour.com
Worldwise,worldwise.net,sales@worldwise.net
TOPPION GROUP,toppion.com.vn,info@toppion.com.vn
Borei Angkor,boreiangkor.com,info@boreiangkor.com
The United Nations General Assembly,nigeriarights.gov.ng,info@nhrc.gov.ng
Eton College,etoncollege.ca,admissions@etoncollege.ca
Webmyne Systems,webmyne.com,info@webmyne.com
Costa Cariló Apart,costacarilo.com,reservas@costacarilo.com
Máy lạnh chính hãng, máy lạnh cao cấp,sieuthimaylanh.com,fancybox_loading@2x.gif
TU WEB CARACAS,tuwebcaracas.com,info@tuwebcaracas.com
ADE Power,adeltd.co.uk,enquiries@ade-power.com
DigiScape,digiscape.com.au,info@snapfrozen.com.au
Innovative Concepts,in-con.com,slick-carousel@1.8.1
Katpol,katpol.com,katpol@katpol.com
Royal Law,royallaw.vn,vplsroyal@gmail.com
Dược Phẩm Nhất Nhất,nhatnhat.com,lienhe@nhatnhat.com
The Remington Suite Hotel & Spa,remingtonsuite.com,howdy@remingtonsuite.com
Sonceboz,sonceboz.com,ajax-loader@2x.gif
ФУЛМ Штедилница / FULM Savings House,fulm.com.mk,info@fulm.com.mk
ETCHILE,etchile.net,shadow@2x.png
四點設計,4point-inc.com,service@4point-inc.com
Fibrex Group,fibrexgroup.com,sales@fibrexgroup.com
Anping County Anhesheng Hardware Mesh Products Co.,Ltd.,filter-wiremesh.com,ahs3@filter-wiremesh.com
AkKom,akkom.net.pl,szkolenia@akkom.net.pl
P.W. Stalkot,stalkot.pl,biuro@stalkot.pl
Graphic World,graphicworld.co,info@sitename.com
Moda Italy,modaitaly.com,info@modaitaly.com
CaseTutors,casetutors.com,Support@casetutors.Com
Dusted Valley,dustedvalley.com,icon_cart@2x.png
Gaziantep Sanayi Odası,gso.org.tr,gso@gso.org.tr
Institutophorte,institutophorte.com.br,graduacao@faculdadephorte.edu.br
Booking,booking.me,careers@booking.me
ITM University,itmuniversity.org,itmuradmission@itmuniversity.org
Gujarat Ambuja Exports Ltd.,ambujagroup.com,info@ambujagroup.com
Royal Isabela,royalisabela.com,events@royalisabela.com
Best TOOLS SRL,btools.ro,info@btools.ro
Wheelie Waste,wheeliewaste.com.au,admin@wheeliewaste.com.au
Koper Trips,kopertrips.com,info@kopertrips.com
AdvantagePressurePro,pressurepro.us,integrations@pressurepro.us
Snow King Retreat,snowkingretreat.com,booking@snowkingretreat.com
Международно Висше Бизнес Училище,ibsedu.bg,doinfo@ibsedu.bg
BigClasses,bigclasses.com,info@bigclasses.com
Quest Host,questhost.com,bootstrap@5.0.0-beta2
CERTEX UK,certex.co.uk,BridonBekaert-Logo@2x.jpg
Marketing services,mspan.co.uk,info@marketspan.co.uk
Talking Life Training,talkinglife.co.uk,aos@2.3.1
CIT Puerto de la Cruz,citpuerto.com,info@citpuerto.com
OTP Asset Management - OTP Fonduri,otpfonduri.ro,office@otpfonduri.ro
Hines of Oxford,hinesofoxford.com,sales@hinesofoxford.com
Arnie Herz,arnieherz.com,arnie@arnieherz.com
Công ty Cổ phần SPM,spm.com.vn,ionicons@4.1.1
Defender Supply,defendersupply.com,sales@defendersupply.com
ICert Global,icertglobal.com,info@icertglobal.com
Big Orange Watersports,bigorangewatersports.co.uk,sales@bigorangewatersports.co.uk
Plixo Pte,plixo.com.sg,alexis@plixo.com.sg
Professional Choice Uniforms,professionaluniform.com,john@example.com.
Newfield Consulting,newfieldconsulting.com,bootstrap-icons@1.8.1
Toolex_tr,toolex.com.tr,sweetalert2@11.1.2
CU Smile Dental Care,cusmile.ca,info@cusmile.ca
Sanilock,sanilock.com,mamparas@sanilock.com
Blackstone Career Institute,blackstone.edu,info@blackstone.edu
IslandNet,islandnetjm.com,sales@islandnetjm.com
Notebookshop,notebookshop.sk,hotline@notebookshop.sk
Aconitum,aconitum.lt,eshop@aconitum.lt
HeatPumps4Pools,heatpumps4pools.com,info@heatpumps4pools.com
121 Animal Hospital,121animalhospital.com,121_Internal_Button_Emergency@2x_Frisco_TX_Allen_TX_Veterinarian.png
@HARMONIQ.SE,harmoniq.se,kundservice@harmoniq.se
Astonishing Skin Care,astonishingskincare.com,username@example.com
浙江严牌过滤技术股份有限公司,yanpai.com,service@yanpai.com
Thieme Gruppe,thiemegruppe.com,info@thiemegruppe.com
TwentyEleven,twentyeleven.co.uk,studio@twentyeleven.co.uk
CEWE,cewe.hu,email@address.com
Hunn Gartenmöbel,hunn.ch,info@hunn.ch
Yeti Trail Adventure,yetitrailadventure.com,info@yetitrailadventure.com
Par Courriel,parcourriel.ca,info@parcourriel.ca
Insuring Income,insuringincome.com,rick.warren@insuringincome.com
Eifelsucher,eifelsucher.de,info@eifelsucher.de
SIIB,siib.ac.in,director@siib.ac.in
4bac,4bac.com,web-vitals@0.2.2
Con Dao National Park,condaopark.com.vn,phongdulichsinhthaivqgcd@gmail.com
TPG DisableAids,tpg-disableaids.co.uk,enquiries@tpgdisableaids.com
Main Filter,mainfilter.com,information@mainfilter.com
Sportwelt Scherer,sportwelt-scherer.de,info@sportwelt-scherer.de
Beyond Running,gobeyondrunning.com,info@gobeyondrunning.com
Creatika Media Group,creatika.com.mx,info@creatika.com.mx
Mídia Interativa,redemidiainterativa.com.br,contato@midiainterativa.com.br
Rafaello & Co™,rafaelloandcompany.com,info@rafaelloandcompany.com
Clear Creek Golf Car,clearcreekgolfcar.com,jfraker@clearcreekvehicles.com
Gorgia,gorgia.ge,web@gorgia.ge
Green Hills Public Library District,greenhillslibrary.org,ghpl@greenhillslibrary.org
Dir.Liquidaciones,dirliquidaciones.gov.co,info@dirliquidaciones.gov.co
SIRRI,sirri.co.uk,cs@sirri.com
Beaconhouse Malaysia,beaconhouse.edu.my,lionel@tentspark.com
Angkor Palace Resort & Spa,angkorpalaceresort.com,booking3@angkorpalaceresort.com
The GDC Group,thegdcgroup.com,client_care@thegdcgroup.com
Wagner Polska,wagner-polska.com.pl,info@wagner-polska.com.pl
Wifi-soft Solutions Private Limited,wifi-soft.com,ionicons@4.5.10-0
Chợ Vòng Bi,chovongbi.vn,kinhdoanh@chovongbi.vn
Langma School of Languages,langmainternational.com,bootstrap@5.2.2
Nuvodev Technologies Pvt,nuvodev.com,sales@nuvodev.com
WCSNE,wcsne.org,info@wcsne.org
Logo People,logopeople.com.au,bootstrap@5.2.3
V-tech Tuning,vtech.pl,tuning@vtech.pl
Villaggio Taunus,taunus.it,vacanze@taunusvacanze.it
Abiztar Learning Technologies,abiztar.com.mx,cursos@abiztar.com.mx
SGS TECHNOLOGIES,sgstechnologie.com,india@70.jpg
Lourdes Academy,olla.org,info@olla.org
ERC Institute,erci.edu.sg,hr@erci.edu.sg.Find
Alpen Suite Hotel,alpensuitehotel.it,bootstrap@5.0.2
Preferred Solutions,prefsol.co.za,sales@prefsol.co.za
DW Stadium,dwstadium.com,dwstadium@sodexo.com
The Zip Yard,thezipyard.ie,jquery.inputmask@5.0.0-beta.87
Socoftal,socoftal.com,socoftal@socoftal.com
HAIDANG TRAVEL,haidangtravel.com,info@haidangtravel.com
Zatoka Kal,zatokakal.pl,recepcja@zatokakal.pl
HDtelecom,hdtelecom.com.vn,info@hdtelecom.com.vn
Coast Classics,coast-classics.com,classics@coast-classics.com
Mwasala e-Solutions,mwasala.com,info@mwasala.com
ZIMNY AUTO,zimny.com.pl,contact.center@zimny.com.pl
Alliance Group,alliancein.com,slick-carousel@1.8.1
INFOCOOP Costa Rica,infocoop.go.cr,comunicacion@infocoop.go.cr
Power Accountax,poweraccountax.co.uk,services@poweraccountax.co.uk
MyAdvtCorner,myadvtcorner.com,myadvtcorner@gmail.com
TECHNIX INDIA,technixindia.com,info@technixindia.com
Dr. Nermien Ismail Schools | Advanced Education Corporation,nis-egypt.com,Info@nis-egypt.com
Elegant Painting®,elegantpainting.com,myhouse@elegantpainting.com
Modemas,modemas.lt,info@modemas.lt
Bruidsmode,bruidsmode.net,info@contentbooster.nl
PTSolutions,pts-tools.com,sales@pts-tools.com
Bishop Auckland College,bacoll.ac.uk,start@bacoll.ac.uk
Excel International,excelinternational.in,excel@excelinternational.in
Car Freight,carfreight.net,info@carfreight.net
Habitat for Humanity Indonesia,habitatindonesia.org,info@habitatindonesia.org
Pride Products Distributors,pride-products.com,customerservice@pride-products.com
Supasport,supasport.co.nz,sales@supasport.co.nz
Turquoise Vacation Rentals,turquoisevacationrentals.com,info@tvr.tc
Rencol Components,rencol.com,sales@rencol.com
4office,4office.be,bootstrap@5.1.3
Unimax,unimax.com,TellMeMore@unimax.com
Istituto per la Difesa del Consumo,ricorsi.net,info@ricorsi.net
FTECH.VN,ftech.vn,sales@ftech.vn
Access Displays,accessdisplays.co.uk,sales@accessdisplays.co.uk
Woonrijk Langedijk,woonrijk.nl,info@woonrijk.nl
Taalnet Group Of Schools,taalct.co.za,info@taalct.co.za
Com-Power,com-power.com,tmiranda@com-power.com
Golfdom,golfdomgolf.com,vtex.render-server@8.170.0
North American Services Center,nascintl.com,info@nascintl.com
Joint Clinical Research Centre,jcrc.org.ug,jcrc@jcrc.org.ug
Habo Hobby,habohobby.se,youraddress@gmail.com
Miraca,miraca.dk,kundeservice@miraca.dk
InkMASH,inkmash.com,info@inkmash.com
Basavatarakam Indo American Cancer Hospital,induscancer.com,info@induscancer.com
Gruene Acres Web Design LLC,grueneacreswebdesign.com,first.last@example.com
National Commission for Science,Tech & Innovation,nacosti.go.ke,info@nacosti.go.ke
CompuSOFT,compusoftme.com,info@compusoftme.com
Geelani Consultancy and Solutions,geelani.com,info@geelani.com
Sunmedia,smediavn.com,marketing@smediavn.com
Texas Hookah,texashookah.com,contact@texashookah.com
Robbinex,robbinex.com,robbinex@robbinex.com
The Golden Tusk,thegoldentusk.com,care@thegoldentusk.com
Halogen Designs,halogendesigns.com,sayhi@halogendesigns.com
MEBLINE.pl - meble,mebline.pl,biuro@mebline.pl
Print My Box,printmybox.com,support@printmybox.com
Super Course ELT Publishing,supercourse.gr,info@supercourse.co.uk
Panorama,panorama.es,media--480b6f82--query@2x.png
Imagina Colombia,imaginacolombia.com,vanta@0.5.22
Lirosta,lirosta.lt,auto@lirosta.lt
CEP,cep.edu.vn,tchcktkh@gmail.com
The Three Swans Hotel,threeswans.co.uk,reservations@innmail.co.uk
Toysmar Oyun Grupları,toysmar.com,slick-carousel@1.8.1
Babassu Beauty,babassu.nl,webshop@babassu.nl
Celito,celito.net,info@celito.net
JS Law,js-law.co.uk,example@example.com
Denver Travel,denvertravel.net,pamela@denvertravel.net
RABBI VACANZE ufficio turistico,valdirabbi.com,info@valdirabbi.com
NAFECO,nafeco.com,info@nafeco.com
Terms of use apply,moladi.co.za,5891@2x.jpg
Prosperident,prosperident.com,requests@prosperident.com
Hamptons Vacations,hamptonsvacations.com,info@hamptonsvacations.com
Divis nekretnine,divisnekretnine.rs,office@divisnekretnine.rs
Prestige Cars.,prestigeofwokingham.co.uk,reservation@prestigeofwokingham.co.uk
Two Way Mirrors,twowaymirrors.com,sales@twowaymirrors.com
Beyondweb Technologies Pvt,beyondweb.ind.in,jayaram.suresh@beyondweb.ind.in
(+357)
[email protected]
Авторское право,acropolis-transport.com,logo@2.png
Captcha Sniper,captchasniper.com,support@captchasniper.com
Clickforshop,clickforshop.it,info@clickforshop.it
Yogendra Pratap,osscertification.com,info@osscertification.com
HYKON INDIA LIMITED,hykonindia.com,aos@2.3.1
Palm Bay Resort,palmbayresort.com.au,reception@palmbayresort.com.au
Off Yer Rocka,offyerrocka.com,info@offyerrocka.com
Finnrent,finnrent.fi,info@finnrent.fi
Quảng Cáo Việt,trangtri360.com,sale@trangtri360.com
CPQ Professional Imaging,cpq.com,customerservice@cpq.com
PT. COBRA DENTAL INDONESIA,cobradental.co.id,sweetalert2@10.0.1
Maine Conference United Church of Christ,maineucc.org,info@maineucc.org
Valverde Hotel,valverde.co.za,Youngest-Bride-ever-@-Valverde.mp4
Todoelectronica,todoelectronica.com,info@todoelectronica.com
After Noah,afternoah.com,algoliasearch@3.32.1
Bunzl Rafferty Guest Am,raffertyhospitality.com,rafsales@bunzl.ie
B-Line Medical,blinemedical.com,someone@example.com
Tefen,tefen.com,raster@2x.png
MH GLOBAL SDN BHD,mhglobal.com,salesteam@mhglobal.com
Archer Street,archerstreet.co.uk,sohobookings@archerstreet.co.uk
Milia Shop,miliashop.com,license@prestashop.com
Menara Hijau,menarahijau.com,gmh@menarahijau.com
Middle East Infoway,meinfoway.com,info@meinfoway.com
Eagle Christian Tours,eaglechristiantours.com,slick-carousel@1.8.1
R2 DATA TECHNOLOGY SAC,r2datatechnology.com,ventas@R2datatechnology.com
Hardy Signs,hardysigns.co.uk,ArmanCuison@gmail.com
Rovaltra,rovaltra.lt,justas.zalys@rovaltra.lt
Textil Trade,textiltrade.eu,handlowy@textiltrade.eu
Washingtonian Plastic Surgery,washingtonianplasticsurgery.com,Contact@WashPS.com
JNA Institute of Culinary Arts,culinaryarts.edu,Admissions@CulinaryArts.edu
Phone: 1,ti89.com,support@ti89.com
Print A Banner,printabanner.co.uk,sales@printabanner.co.uk
CNC VIETNAM,cncvietnam.com,info@cncvietnam.com
Simply colors NL,simplycolors.nl,info@simplycolors.nl
C&O Travel,ceno-travel.com,info@ceno-travel.com
Beetge Media,beetgemedia.co.za,info@beetgemedia.co.za
Print Early,printearly.com,admin@printearly.com
Hatfield and Company,hatfieldandcompany.com,info@hatfieldandcompany.com
IT Express,itexpress.vn,user1@abc.com
Thế Giới Mã Vạch,thegioimavach.com,sales@thegioimavach.com
Joan Morais Cosmetics School,joanmorais.com,js-cookie@3.0.0-rc.1
Zimbabwe National Water Authority,zinwa.co.zw,callcentre@zinwa.co.zw
Ormerod Rutter,ormerodrutter.co.uk,hello@ormerodrutter.co.uk
GlobalTT,globaltt.com,info@globaltt.com
SteelSentry,steelsentry.com,Sales@SteelSentry.com
Jost,jost-ag.com,info@jost-ag.com
Studiemeesters,studiemeesters.nl,info@studiemeesters.nl
Khairallah Legal,khairallahlegal.com,info@khlegal.com
Innovis,innovis.org.uk,enquiries@innovis.org.uk
Algonquin Lakeside Inn,algonquininn.com,stay@algonquininn.com
Bugtreat Technologies,bugtreat.com,support@bugtreat.com
Astrolift Warehouse Equipment Suppliers NZ,astrolift.co.nz,ionicons@4.5.10-0
Kanoo Tours,kanootours.com,info@kanootours.com
Shore Watersports,shore.co.uk,sales@shore.co.uk
Windle International Kenya,windle.org,windle@windle.org
Ridgeway Online,ridgeway-online.com,info@ridgeway-online.com
Land for Sale,landsalesco.com,support@landsalesco.com
RDSonline,rockinghamdisplayshop.co.uk,Sales@RDSOnline.co.uk
Pulsion Technology,pulsion.co.uk,info@pulsion.co.uk
ROEPA EDB EURL,roepa.com,stimulus@3.2.1
Advanced Adventures Nepal Pvt Ltd,advadventures.com,ionicons@4.2.2
Autosinistrate Com,autosinistrate.com,info@autosinistrate.com
HB COMPANY All Right Reserved,hbcompany.in,info@hbcompany.in
Clínicas Dorsia,dorsia.es,chosen-sprite@2x.png
Zgoda.net,zgoda.net,biuro@zgoda.net
Brevard Alzheimer's Foundation,brevardalz.org,info@brevardalz.org
Merlin Car Auctions,merlin.ie,info@merlin.ie
Market Street Talent,marketstreettalent.com,bootstrap@4.6.0
Bonitron,bonitron.com,info@bonitron.com
TSC Silos,tsc-silos.com,bootstrap@4.5.3
Employers Group,employersgroup.com,ServiceOne@EmployersGroup.com
Sugar Ridge,sugarridgeantigua.com,reservations@sugarridgeantigua.com
Budget Bin,budgetbin.ca,hamilton@york1.com
CXM Recording and Quality Monitoring,cxmrecord.com,info@telecomp.com
RPS Group of Institutions,rpsinstitutions.org,rpsbalana@gmail.com
Swiss Tours,swisstours.com,contact@swisstours.com
Saul Marine & Co Solicitors,saulmarine.com,saul@saulmarine.com
Cranes101,cranes101.com,info@cranes101.com
Storymoja Publishers,storymojaafrica.co.ke,orders@storymojaafrica.co.ke
Australian Cruise Group,australiancruisegroup.com.au,bootstrap@5.2.3
JPCKemang,jpckemang.com,jpc@jpckemang.com
Ramee Group of Hotel,rameehotels.com,bootstrap@5.2.3
Turenlaces,turenlaces.com,servicios@turenlaces.com
Rohan Law,rohanlawpc.com,info@rohanlawpc.com
Tropical Brasil,tropicalbrasil.com.br,intersection-observer-polyfill@0.1.0
Life of Taiwan,lifeoftaiwan.com,contact@lifeoftaiwan.com
Alessandro Palace & Bar,hostelsalessandro.com,info@hostelsalessandro.com
Phitagoras,phitagoras.co.id,info@phitagoras.co.id
Lidget Compton,lidget.co.uk,sales@lidget.co.uk
Avenue Healthcare,avenuehealthcare.com,info@avenuehealthcare.com
VACATIONS BY THE OCEAN,vacationsbytheocean.com,name@email.com
The Rock Church,rockchurch.com,email@rockchurch.com
Park Cities School of Music,parkcitiesschoolofmusic.com,parkcitiesschoolofmusic@gmail.com
Dealerfront,dealerfront.com,sales@dealerfront.com
Kanape,kanape.net,info@kanape.net
Good Health Naturally,goodhealthnaturally.com,sales@goodhealthnaturally.com
Best Western Hotel Bristol,hotelbristol.co.uk,lw@hotelbristol.co.uk
Alzburg Resort,alzburg.com.au,info@alzburg.com.au
Customstickers,customstickers.us,admin@customstickers.us
Vista Health Solutions,nyhealthinsurer.com,info@nyhealthinsurer.com
ICA Onlinemarketing,ica.at,office@ica.at
Telesfera,telesfera.lt,select2@4.1.0-rc.0
TRIANON BORGO PIO SRL,trianonborgopio.com,info@trianonborgopio.com
Joyeria Pato,joyeriapato.com,info@joyeriapato.com
Beerbike,damtours.nl,info@damtours.nl
SIMS Nigeria Limited,simsng.com,Info@simsng.com
Microtek International P.,microtekdirect.com,bootstrap@4.5.3
Newpark Resort Hotel,newparkresort.com,bootstrap@5.2.3
Intimo,intimo.dk,kundeservice@intimo.dk
Bigfoot Digital,bigfootdigital.co.uk,enquiries@bigfootdigital.co.uk
Shanghai Wellmax Lighting Industry Co., Ltd,wellmaxgroup.com,info@wellmaxgroup.com
Tahograf d.o.o.,tahograf.hr,milan.bizic@tahograf.hr
VinaCIS,vinacis.com,contact@vinacis.com
Grras Solutions,grras.com,trainings@grras.com
Gary Austin Advertising,thepenguy.com,garyaustinpromo@gmail.com
Telemikro,telemikro.com.br,marketing@telemikro.com.br
Tradeteacher,tradeteacher.co.uk,enquiries@tradeteacher.co.uk
Renfos Technologies,renfos.com,info@renfos.com
Healthy U,healthyu.co.ke,nutrition@healthy-u2000.com
Avonni Lİghting,avonni.com,export@avonni.com
NP Nilssons Trävaru AB,npn.se,johndoe@domain.com.
Maxiweb,maxiweb.com.br,contato@maxiweb.com.br
LucaNet,lucanet.com.br,demo@emailnuvem.com
Abbondanza,abbondanza.com,johndoe@domain.com
CorpKit Legal Supplies,corpkit.com,info@corpkit.com
Wildmex Surfing,wildmex.com,info@wildmex.com
TetraHost,tetrahostbd.com,sales@tetrahostbd.com
RSA Solutions,rogershaw.com,info@rsasolutions.com
INDUSTRIE AUTOMATION GRAZ,iag.co.at,office@iag.co.at
Listen & Learn,listenandlearn.org,ui@4.0
The Moving Visuals Co.,tmvc.sg,info@tmvc.sg
Pearl Gallery,pearlgallery.co.uk,sales@pearlgallery.co.uk
Gritbins.net,gritbins.net,e2ccdd58aa3242449bc6e33674b8a298@o1310680.ingest.sentry.io
TransNusa,transnusa.co.id,john.doe@gmail.com
Ronnies Bistro & Bar,netcentral.co.uk,sales@ic.co.uk
Flycast Partners,flycastpartners.com,info@FlycastPartners.com
Startech,4mercs.co.nz,parts@4mercs.co.nz
Indo-German Training Centre,igtcindia.com,igtcconnect@indo-german.com
Vivekananda Global University,Jaipur,vgu.ac.in,bootstrap@4.6.2
Partybell,partybell.com,sales@partybell.com
KCM Clinic,kcmclinic.pl,rejestracja@kcmclinic.pl
Inverclyde Now,inverclydenow.com,contact@inverclydenow.com
Tranex PLC,tranex-ng.com,info@tranex-ng.com
Canadian Specialist Hospital,csh.ae,info@csh.ae
The Henley College,henleycol.ac.uk,info@henleycol.ac.uk
Trijaya Travel,trijaya-travel.com,tours@trijaya-travel.com
SecurityBase,securitybase.com,info@securitybase.com
WorldCall Telecom,worldcall.net.pk,support@worldcall.pk
Ringwood School,ringwood.hants.sch.uk,reception@ringwood.hants.sch.uk
UNICOMFACAUCA,unicomfacauca.edu.co,bootstrap@5.3.2
OXYCHEMICALS,oxychemicals.com.vn,alo@oxychemicals.com.vn
AccuVision,accuvision.co.uk,info@accuvision.co.uk
Khao Lak Explorer,khaolakexplorer.com,info@khaolakexplorer.com
Www.hotelhermitage.it,hotelhermitage.it,info@digiside.it
Hanopro,hanopro.com,kinhdoanh@hanopro.com
Wave Evolution,waveevo.com,info@waveevo.com
AUMI Co,aumi.com.vn,aumi@aumi.com.vn
Peninsula Group,peninsula-group.com,sales@allensby.com
Roto Cristales y Partes,roto.com.mx,lite-youtube@0.6.2
XS,xs.com,bootstrap@5.0.2
Declan Software,declansoftware.com,contact@cdeclansoftware.com
Solucionesdiez,solucionesdiez.com,info@solucionesdiez.com
Cut Plastic Sheeting,cutplasticsheeting.co.uk,slick-carousel@1.8.1
Hotel Chesscom,hotelchesscom.hu,info@hotelchesscom.hu
Island Villas,island-villas.com,info@island-villas.com
SaiGonPixel Media,saigonpixel.vn,contact@saigonpixel.vn
Paresa Resort Phuket,paresaresorts.com,reservations@paresaresorts.com
Ixthus Instrumentation,ixthus.co.uk,info@ixthus.co.uk
Juniper Training,junipertraining.co.uk,enquiries@junipertraining.co.uk
Drifters Adventure Tours,drifters.co.za,drifters@drifters.co.za
MageB2B,mageb2b.de,info@mageb2b.de
Kate Boats,kateboats.co.uk,enquiries@kateboats.co.uk
Marbellapads,marbellapads.com,enquiries@marbellapads.com
McCollins Media,mccollinsmedia.com,info@mccollinsmedia.com
The Soap Guy,thesoapguy.com,soaporders99@gmail.com
Global Vizyon Yurtdışı Eğitim,globalvizyon.com,info@globalvizyon.com
İstanbul Teknik,istanbulteknik.com,bilgi@istanbulteknik.com
Foto88,foto88.com,bootstrap@4.4.1
Fundación Universitaria de Popayán,fup.edu.co,bootstrap@5.3.0-alpha3
Car 'n Motion,carnmotion.gr,reservation@carnmotion.gr
FK Keskus,fkkeskus.ee,fkkeskus@fkkeskus.ee
THANG UY CO,thanguy.com,info@thanguy.com
Spec-Savers SA,specsavers.co.za,splide@4.0.6
Stewart, Cooper and Coon,stewartcoopercoon.com,200k@stewartcoopercoon.com
Flowerhouse,flowerhouse.se,info@flowerhouse.se
Enliven Software,enlivensoftware.com,splide@4.1.2
Gerry's Information Technology,gerrys.net,info@gerrys.net
Hatex,hatex.vn,slick-carousel@1.8.1
North Shoes,northshoes.co.uk,sales@northshoes.co.uk
SalesBabu,salesbabu.com,sales1@salesbabu.in
Neziroğlu Otomotiv,neziroglu.com.tr,info@neziroglu.com.tr
Red Recruit,redrecruit.com,careers@redrecruit.com
New Cyberian Systems, Inc.,newcyberian.com,bootstrap@5.0.2
Northwest Anesthesia Seminars,nwas.com,info@nwas.com
Kantipur Engineering College,kec.edu.np,admin@kec.edu.np
Future Design Controls,futuredesigncontrols.com,csr@futuredesigncontrols.com
AS Eemeli,eemeli.ee,epood@eemeli.ee
Winner Medical Co.,winnermedical.com,info@winnermedical.com
Old Lyme Inn,oldlymeinn.com,guestservices@oldlymeinn.com
Vteams,vteams.com,adam@vteams.com
Alcaldía de Santa Marta D.T.C.H.,santamarta.gov.co,atencionalciudadano@santamarta.gov.co
Visos teisės saugomos,vairuokime.lt,info@vairuokime.lt
Hoppmann Autowelt,hoppmann-autowelt.de,sascha.buehler@hoppmann-autowelt.de
Makkays Private Limited,makkays.com,bootstrap@4.6.1.min.css
Al-Khoei Foundation,al-khoei.org,alsahlani@al-imanschool.org
MAXIM Hair Restoration,maximhairrestoration.com,slick-carousel@1.8.1
Australia Plus Reisen,australiaplus.de,info@australiaplus.de
WSSiP,wssip.edu.pl,dziekanat@wssip.edu.pl
SOFTPLC,softplc.com,info@softplc.com
Cortona Inn & Suites Anaheim Resort,cortonainn.com,info@cortonainn.com
Freedom Airport Taxi,freedomairportservice.co.uk,bookings@freedomairportservice.co.uk
Abilis group,abilis.de,karriere@abilis.de
LiveMath™,livemath.com,info@livemath.com
Sufalam Technologies,sufalamtech.com,sales@sufalamtech.com
Cỏ Nhân Tạo,thegioiconhantao.com.vn,Thegioiconhantaodvn@gmail.com
Tara Cosmetics Waxingshop,tara-cosmetics.de,info@tara-handels.de
Egypt Budget Tours,ramsestours.com,info@ramsestours.com
IIKM The Corporate B School,iikm.in,contact@iikm.in
Timbanganindonesia.com,timbanganindonesia.com,sales@timbanganindonesia.com
Compubits,compubits.com,sales@compubits.com
Aerosaurus Balloons,ballooning.co.uk,mail@ballooning.co.uk
GEPL Capital,geplcapital.com,subhash@geplcapital.com
LegalWills,legalwills.ca,support@legalwills.ca
HJ Florida Street,hjflorida.com.ar,reservas@hjflorida.com
Editora Cubo,editoracubo.com.br,info@editoracubo.com.br
Dunham Cellars,dunhamcellars.com,wine@dunhamcellars.com
Tohfay,tohfay.com,service@tohfay.com
Michele Flory,micheleflory.com,team@micheleflory.com
DABD,dabd.org.uk,info@dabd.org.uk
Quills Group,quillsuk.co.uk,hello@quillsuk.co.uk
Biliardoshop,biliardoshop.com,info@biliardoshop.com
Beards Jewellers,beards.co.uk,info@beards.co.uk
Gateway TechnoLabs,gatewaytechnolabs.com,gateway@thegatewaycorp.com
Shikhar Travels India,shikhar.com,social@shikhar.com
BBI Brandboost,bbi.co.uk,info@bbi.co.uk
Gearhouse Group,gearhouse.co.za,jhb@gearhouse.co.za
Yayasan Spiritia,spiritia.or.id,info@spiritia.or.id
Arrow Stage Lines,arrowstagelines.com,sales@arrowstagelines.com
Hanoi Emotion Hotel,hanoi-emotion.com,slick-carousel@1.8.1
ASA Distribution,asadistribution.co.uk,info@asadistribution.co.uk
Calvary Christian Academy,ccaeagles.org,info@ccaeagles.org
Nevo,nevo.pl,info@nevo.pl
Thompson Leisure,thompsonleisure.com,info@thompsonleisure.com
King Radios,kingradios.net,robert@kingradios.net
123Print,123print.co.uk,service123@123print.co.uk
Accessasia,accessasia.co.uk,info@flue-pipes.com
SOUTH WEST DESIGN STUDIO LIMITED,swdesignstudio.co.uk,hello@swdesignstudio.co.uk
WorkRocket,workrocket.com,info@workrocket.com
NashikProperty.com,nashikproperty.com,info@nashikproperty.com
SOAIS,soais.com,contactus@soais.com
Childstore,childstore.se,info@childstore.se
ARCmedia,arcmedia.it,support@arcmedia.it
Explorer Kenya Safaris,explorerkenya.com,info@explorerkenya.com
Kệ Chứa Hàng,tanphuongphat.com,tpp@tanphuongphat.com
Pisces Sportfishing,piscessportfishing.com,info@piscessportfishing.com
Šeškinės poliklinika,poliklinika.lt,seskines@poliklinika.lt
WebWorxInc,webworxinc.com,heynow@webworxinc.com
Hear4u,hear4u.co.uk,admin@hear4u.co.uk
Dexter Ind. Com. De Equip. Eletronicos,dexter.ind.br,dexter@dexter.ind.br
Flooring Supply Shop,flooringsupplyshop.com,contact@flooringsupplyshop.com
Tickets,tickets.ca,info@2tickets.ca
Ceteb - Centro de Ensino Tecnológico de Brasília,ceteb.com.br,asasul@ceteb.com.br
GVdasa,gvdasa.com.br,relacionamento@gvdasa.com.br
CRCPE,crcpe.org.br,crcpe@crcpe.org.br
Greco Internet,greco.com.br,adm@greco.com.br
Rech Informática - Sistemas de Gestão,rech.com.br,marketing@rech.com.br
Maganti IT Resources,mitresource.com,support@gmail.com
Adept Design,adeptdesign.co.uk,hello@adeptdesign.co.uk
Quattro Beach Spa & Resort Hotel,quattrohotel.com,yucel@farkbilisim.com
Rayacom,rayacom.com,customercare@rayacom.com
Aktif Pedal,aktifpedal.com,info@aktifpedal.com
CRA-ES,craes.org.br,contato@craes.org.br
HR Remedy India,hrremedyindia.com,training@hrremedyindia.com
Marketing Empire,marketingempire.co.uk,info@marketingempire.co.uk
Floraindia,floraindia.com,serve@floraindia.com
Airliebeach.com,airliebeach.com,info@airliebeach.com
UFO Elektronika,ufoelektronika.com,logo@3x.png
PixelMIGHT,pixelmight.com,team@pixelmight.com
Pulse Uniform,pulseuniform.com,csr@pulseuniform.com
IBEX Camping,ibexcamping.co.uk,example@email.com
Vé máy bay giá rẻ,vlink.vn,airlines@vlink.vn
Laptop Centar d.o.o.,laptopcentar.rs,office@laptopcentar.co.rs
Arete Software,aretesoftwares.com,contact@aretecon.com
Štamparija Mačinković,macinkovic.rs,macinkovic.kalendar@gmail.com.
IPC2U,ipc2u.de,sales@ipc2u.de
Viet Vision Travel,vietvisiontravel.com,intersection-observer-polyfill@0.1.0
Aussie Webhost,aussiewebhost.com.au,angular-resource@1.6.9
Avanity,avanity.net,info@avanity.net
Hospital de Olhos de Cascavel,hospitaldeolhos.com.br,atendimento@trendmobile.net.br
Euro Lloyd Reisebüro,reisebuero-eurolloyd.de,stuttgart@reisebuero-eurolloyd.de
Transcom,transcom.net,sales@transcom.net
Pumpstar Concrete Pumping,concretepumping.com,Ryan@cpeamerica.com.
KiteActive,kiteactive.com,info@kiteactive.com
Geowłóknina drogowa,technologie-budowlane.com,info@technologie-budowlane.com
Editora Novo Conceito,editoranovoconceito.com.br,atendimento@editoranovoconceito.com.br
Dog Friendly Hotels,redlion-cromer.co.uk,info@redlion-cromer.co.uk
Gauss,gauss.ind.br,suporte01@gauss.com.br
Interior,interior.gov.ng,info@interior.gov.ng
Andronis Exclusive,andronis-suites.com,info@andronis-suites.com
IJslandspecialist,ijslandspecialist.nl,info@ijslandspecialist.nl
WEBSET formations,webset.fr,david@webset.fr
Fish4Flies,fish4flies.com,AccountEnquiries@fish4flies.com
Promolocker,promolocker.com,sales@promolocker.com
Sizzle Properties Pvt,sizzleproperties.com,info@sizzleproperties.com
Ten80 Holidays,ten80holidays.com,info@ten80holidays.com
De Droomplaats Kinderopvangservice,dedroomplaats.nl,info@dedroomplaats.nl
Yetnet,yetnet.ch,info@yetnet.swiss
Asia Bolt Industries,asia-bolt.com,marketing@asia-bolt.com
Homeopathic services,homeopathicservices.com,pierre@homeopathicservices.com
Công Ty TNHH Dược Phẩm Tâm Bình,tambinh.vn,duocpham@tambinh.vn
TOPDIVE,topdive.com,dive@topdive.com
Tipsexam,tipsexam.com,sales@tipsexam.com
Dom zdravlja ''Vizim'',vizim.co.rs,info@vizim.co.rs
Medicland,medicland.ro,info@medicland.ro
DSmith Images,dsmithimages.com,dsmithimages@gmail.com
Steigerhout,steigerhout.nl,nanogallery2@2.4.2
Pushpagiri Medical College Hospital Thiruvalla,pushpagiri.in,info@pushpagiri.in
Lyra Style - Muzički instrumenti,lyrastyle.rs,sales@lyrastyle.rs
UTP Morava doo Čačak,moravacacak.com,utpmorava@open.telekom.rs
Jakov Sistem Online Shop,jakovsistem.com,info@jakovsmartsolutions.com
Deepalaya,deepalaya.org,support@deepalaya.org
Eforex India,eforexindia.com,sales@eforexindia.com
Tutumi,tutumi.pl,tutumi@tutumi.pl
Scimitar Custom,scimitarsports.com,sales@scimitarsports.com
Mountain Kingdoms,mountainkingdoms.com,ie11CustomProperties@4.1.0
Công Ty Thiết Kế Website Tam Nguyên,tamnguyen.vn,lienhe@tamnguyen.vn
Universidad Privada San Juan Bautista,upsjb.edu.pe,mesadepartes@upsjb.edu.pe
AERO TD,aerotd.com.br,aerotd@aerotd.com.br
Coding Brains,codingbrains.com,sales@codingbrains.com
IT-BUDGET,it-budget.de,info@it-budget.de
PlantOGram,plantogram.com,info@plantogram.com
Power Discount LLP,powerdiscount.co.uk,contact@powerdiscount.co.uk
Black Stallion Estate Winery,blackstallionwinery.com,Kayden.Wong@blackstallionwinery.com
Global Satellite Group,globalsatellite.us,webcontact@globalsatellite.us
Easy Way Cancun Car Rental,easywayrentacar.com,easyway@easywayrentacar.com
Guide by Cell,guidebycell.com,locomotive-scroll@4.1.0
720media,720media.com,info@720media.com
Alat Uji,alatuji.com,sales@alatuji.com
Heyn Handling Solutions,heyn.co.uk,info@heyn.co.uk
Lite Bite Foods,lbf.co.in,customercare@lbf.co.in
Jombay,jombay.com,mansi@jombay.com
HBP Systems,hbpsystems.co.uk,email@hbpsystems.co.uk
Barrister,barrister.com,info@barrister.com
RHF Talentos,rhf.com.br,marketing@rhf.com.br
The Priory Rooms,theprioryrooms.co.uk,enquiries@theprioryrooms.co.uk
YSI,ysi-ca.org,info@ysi-ca.org
Ophorus,ophorus.com,contact@ophorus.com
Sugar Rays,sugarrays.co.uk,sales@sugarrays.co.uk
ACTIVETRAVEL ASIA,activetravel.asia,info@crystalholidays.vn
Iowa Communicatins Main Office,heartofiowa.coop,CALEA@Aureon.com
Plateau,plateautel.com,popper.js@1.16.1
Neptun shpk,neptun.al,customersupport@neptun.al
Hart Beach,hartbeach.nl,info@divide.nl
United Scientific Supplies,unitedsci.com,info@unitedsci.com
Nucrete Garages,nucrete.co.uk,support@nucrete.co.uk
Fly Music,fly-music.ro,contact@flymusic.ro
Ciarans,ciarans.com,bookings@ciarans.com
Laundry Care,laundrycare.biz,support@laundrycare.biz
Hornvarefabrikken,hornvarefabrikken.dk,info@hornvarefabrikken.dk
Sticky Fingers Cooking,stickyfingerscooking.com,slick-carousel@1.8.1
MY SELLERIA - NEGOZIO ON LINE DI ARTICOLI PER L'EQUITAZIONE,myselleria.it,info@myselleria.it
Svpetrvs Hoteli Waterman Resorts,watermanresorts.com,reception@watermanresorts.com
Fecomércio MG,fecomerciomg.org.br,contato@fecomerciomg.org.br
Beli Furniture,belifurniture.com,direksi@belifurniture.com
Silversea,silversea.vn,bienbachn@silversea.vn
Mirrorworld,mirrorworld.co.uk,bootstrap@5.1.3
EasyDNA,easydna.com.au,info@easydna.com.au
Biblioteca Pública Piloto,bibliotecapiloto.gov.co,pqrsdf@bibliotecapiloto.gov.co
Domiruth Travel Service,domiruth.com,bootstrap@4.0.0
Commercial Credit & Finance PLC,cclk.lk,ccl@cclk.lk
Epitome Live Webcast,epitomesolutions.in,contact@estv.in
Vibrant Technologies,vibrant.com,sales@vibrant.com
SCORE International,scoreintl.org,info@scoreintl.org
Eon8,eon8.com,bootstrap@4.6.1
PerVita,pervita.ro,office@pervita.ro
Wine Spectrum,winespectrum.com,info@winespectrum.com
Tona,tonalife.com,info@tonalife.com
The Master's Lawn Care,themasterslawncare.com,Info@TheMastersLawnCare.com
Guam Chamber of Commerce,guamchamber.com.gu,info@GuamChamber.com.gu
SCF Securities,scfsecurities.com,jarenzon@haventower.com
Studio Gears,studiogears.com,payments@2x.png
SADcars,sadcars.com,info@sadcars.com
Alkemist - European Translation,alkemist.si,aos@2.3.1
SailSupply.nl,sailsupply.nl,johndoe@domain.com.
CSWiM,cswim.pl,sklep@cswim.pl
Globotours,globotours.net,cropped-bitmap@2x-32x32.png
Terma Group,termagroup.pl,terma@termagroup.pl
Comnet Türkiye,comnet.com.tr,fiber@comnet.com.tr
DMR Bikes,dmrbikes.com,sales@dmrbikes.com
Barzotti,barzotti.it,info@barzotti.it
Transputec,transputec.com,enquiries@transputec.com
Terra IT,terrait.net,info@terrait.lt
Rig Source,rigsourceinc.com,info@rigsource.com
Synaptic Laboratories Ltd,synaptic-labs.com,info@synaptic-labs.com
AFET,afet.com,info@afet.com
Morphius Records,morphius.com,info@morphius.com.
Real Estate Regulatory Agency,alraea.com,info@alraea.com
Shop Savvy,shopsavvy.mobi,contact@shopsavvy.mobi
Radiology Oncology Systems,oncologysystems.com,info@oncologysystems.com
LogicInternet,logicinternet.com,support@logicinternet.com
Eména Spa,emenaspa.com,me@emenaspa.com
Mama's Music Store,mamasmusicstore.it,info@mamasmusicstore.it
Wishirt T,wishirt.com,info@wishirt.com
Ovest Viaggi,ovest.com,giusybassi@ovest.com
Artlook,artlook.us,fancybox@3.5.7
BK Education,bkeducation.com,core-js-bundle@3.2.1
Hall-Fast Industrial Supplies,hall-fast.com,cookieconsent@v2.9.1
RPM Outlet,rpmoutlet.com,Service@RPMOutlet.com
Agristore Cosenza,agristorecosenza.it,info@agristorecosenza.it
SpotSound,spotsound.fr,contact@spotsound.fr
Herrington on the Bay,herringtononthebay.com,info@herringtononthebay.com
Heaven Skincare,heavenskincare.com,ella@heavenskincare.com
Xavier Institute of Social Service,xiss.ac.in,bootstrap-icons@1.10.5
Meubelproducten,meubelproducten.nl,info@meubelproducten.nl
KONIA GROUP,konia-group.com,info@konia-group.com
California Yacht Sales,californiayachtsales.com,info@californiayachtsales.com
KritiKal Solutions Pvt.,kritikalsolutions.com,engitech@oceanthemes.net